Заявка;Тип заявки BK;Тип заявки HD;Начало;Окончание;Район;Адрес;Гигабитное подключение
00001;Локальная заявка;Диагностика (автомобиль);17.08.2026 08:00;17.08.2026 12:00;Учебный район;Учебная точка 01;Нет
00002;Подключение;Заявка на подключение (автомобиль);17.08.2026 08:00;17.08.2026 12:00;Учебный район;Учебная точка 02;Нет
00003;Глобальная проблема;Авария (автомобиль);17.08.2026 08:00;17.08.2026 12:00;Учебный район;Учебная точка 03;Нет
00004;Локальная заявка;Диагностика (пешеход);17.08.2026 08:00;17.08.2026 12:00;Учебный район;Учебная точка 04;Нет
00005;Подключение;Заявка на подключение (пешеход);17.08.2026 08:00;17.08.2026 12:00;Учебный район;Учебная точка 05;Нет
00006;Глобальная проблема;Авария (пешеход);17.08.2026 08:00;17.08.2026 12:00;Учебный район;Учебная точка 06;Нет
00007;Локальная заявка;Диагностика (велосипед);17.08.2026 08:00;17.08.2026 12:00;Учебный район;Учебная точка 07;Нет
00008;Подключение;Заявка на подключение (велосипед);17.08.2026 08:00;17.08.2026 12:00;Учебный район;Учебная точка 08;Нет
00009;Глобальная проблема;Авария (велосипед);17.08.2026 08:00;17.08.2026 12:00;Учебный район;Учебная точка 09;Нет
00010;Локальная заявка;Диагностика (общественный транспорт);17.08.2026 08:00;17.08.2026 12:00;Учебный район;Учебная точка 10;Нет
00011;Подключение;Заявка на подключение (общественный транспорт);17.08.2026 08:00;17.08.2026 12:00;Учебный район;Учебная точка 11;Нет
00012;Глобальная проблема;Авария (общественный транспорт);17.08.2026 08:00;17.08.2026 12:00;Учебный район;Учебная точка 12;Нет
00013;Локальная заявка;Диагностика (автомобиль);17.08.2026 10:00;17.08.2026 14:00;Учебный район;Учебная точка 13;Нет
00014;Подключение;Заявка на подключение (автомобиль);17.08.2026 10:00;17.08.2026 14:00;Учебный район;Учебная точка 14;Нет
00015;Глобальная проблема;Авария (автомобиль);17.08.2026 10:00;17.08.2026 14:00;Учебный район;Учебная точка 15;Нет
00016;Локальная заявка;Диагностика (пешеход);17.08.2026 10:00;17.08.2026 14:00;Учебный район;Учебная точка 16;Нет
00017;Подключение;Заявка на подключение (пешеход);17.08.2026 10:00;17.08.2026 14:00;Учебный район;Учебная точка 17;Нет
00018;Глобальная проблема;Авария (пешеход);17.08.2026 10:00;17.08.2026 14:00;Учебный район;Учебная точка 18;Нет
00019;Локальная заявка;Диагностика (велосипед);17.08.2026 10:00;17.08.2026 14:00;Учебный район;Учебная точка 19;Нет
00020;Подключение;Заявка на подключение (велосипед);17.08.2026 10:00;17.08.2026 14:00;Учебный район;Учебная точка 20;Нет
00021;Глобальная проблема;Авария (велосипед);17.08.2026 10:00;17.08.2026 14:00;Учебный район;Учебная точка 21;Нет
00022;Локальная заявка;Диагностика (общественный транспорт);17.08.2026 10:00;17.08.2026 14:00;Учебный район;Учебная точка 22;Нет
00023;Подключение;Заявка на подключение (общественный транспорт);17.08.2026 10:00;17.08.2026 14:00;Учебный район;Учебная точка 23;Нет
00024;Глобальная проблема;Авария (общественный транспорт);17.08.2026 10:00;17.08.2026 14:00;Учебный район;Учебная точка 24;Нет
00025;Локальная заявка;Диагностика (автомобиль);17.08.2026 12:00;17.08.2026 16:00;Учебный район;Учебная точка 25;Нет
00026;Подключение;Заявка на подключение (автомобиль);17.08.2026 12:00;17.08.2026 16:00;Учебный район;Учебная точка 26;Нет
00027;Глобальная проблема;Авария (автомобиль);17.08.2026 12:00;17.08.2026 16:00;Учебный район;Учебная точка 27;Нет
00028;Локальная заявка;Диагностика (пешеход);17.08.2026 12:00;17.08.2026 16:00;Учебный район;Учебная точка 28;Нет
00029;Подключение;Заявка на подключение (пешеход);17.08.2026 12:00;17.08.2026 16:00;Учебный район;Учебная точка 29;Нет
00030;Глобальная проблема;Авария (пешеход);17.08.2026 12:00;17.08.2026 16:00;Учебный район;Учебная точка 30;Нет
00031;Локальная заявка;Диагностика (велосипед);17.08.2026 12:00;17.08.2026 16:00;Учебный район;Учебная точка 31;Нет
00032;Подключение;Заявка на подключение (велосипед);17.08.2026 12:00;17.08.2026 16:00;Учебный район;Учебная точка 32;Нет
00033;Глобальная проблема;Авария (велосипед);17.08.2026 12:00;17.08.2026 16:00;Учебный район;Учебная точка 33;Нет
00034;Локальная заявка;Диагностика (общественный транспорт);17.08.2026 12:00;17.08.2026 16:00;Учебный район;Учебная точка 34;Нет
00035;Подключение;Заявка на подключение (общественный транспорт);17.08.2026 12:00;17.08.2026 16:00;Учебный район;Учебная точка 35;Нет
00036;Глобальная проблема;Авария (общественный транспорт);17.08.2026 12:00;17.08.2026 16:00;Учебный район;Учебная точка 36;Нет
;;;;;;;
Адрес офиса;Учебный офис;;;;;;
